Rank,Model,Agentic Overall Acc,Web Search Summary,Web Search Base,Web Search No Snippet,Memory Summary,Memory KV,Memory Vector,Memory Recursive Summarization
1,Qwen3-8B (FC),12.82%,5.00%,6.00%,4.00%,20.65%,2.58%,17.42%,41.94%
2,xLAM-2-8b-fc-r LoRA ckpt415-1batch-2560seq-3epoch-IF,8.24%,1.00%,1.00%,1.00%,15.48%,5.81%,14.19%,26.45%
3,Llama-3.1-8B-Instruct (FC),8.24%,1.00%,1.00%,1.00%,15.48%,4.52%,12.26%,29.68%
4,xLAM-2-8b-fc-r LoRA ckpt984-1batch-2560seq-3epoch-ALL,8.06%,0.00%,0.00%,0.00%,16.13%,7.74%,13.55%,27.10%
5,Qwen3-8B (Prompt),7.99%,2.00%,1.00%,3.00%,13.98%,6.45%,11.61%,23.87%
6,xLAM-2-8b-fc-r (FC),7.96%,0.00%,0.00%,0.00%,15.91%,5.16%,16.13%,26.45%
7,xLAM-2-8b-fc-r LoRA ckpt1315-2batch-1024seq-3epoch-apigen,7.85%,0.00%,0.00%,0.00%,15.70%,7.10%,13.55%,26.45%
8,xLAM-2-8b-fc-r LoRA ckpt2075-1batch-2560seq-3epoch-IF,7.63%,0.00%,0.00%,0.00%,15.27%,4.52%,14.19%,27.10%
9,xLAM-2-8b-fc-r LoRA ckpt263-2batch-1024seq-3epoch-apigen,7.53%,0.00%,0.00%,0.00%,15.05%,3.87%,16.77%,24.52%
10,xLAM-2-8b-fc-r LoRA ckpt957-1batch-2560seq-3epoch-FC,7.53%,0.00%,0.00%,0.00%,15.05%,2.58%,15.48%,27.10%
11,xLAM-2-8b-fc-r LoRA ckpt4785-1batch-2560seq-3epoch-FC,7.42%,0.00%,0.00%,0.00%,14.84%,1.29%,12.90%,30.32%
12,ToolACE-2-8B (FC),6.67%,0.00%,0.00%,0.00%,13.33%,4.52%,7.10%,28.39%
13,xLAM-2-8b-fc-r LoRA ckpt3738-1batch-2560seq-3epoch-IF,6.56%,0.00%,0.00%,0.00%,13.12%,9.03%,12.26%,18.06%
14,xLAM-2-8b-fc-r LoRA ckpt568-1batch-2560seq-3epoch-apigen-nomlp,6.45%,0.00%,0.00%,0.00%,12.90%,5.81%,14.19%,18.71%
15,Llama-3.1-8B-Instruct (Prompt),6.02%,0.00%,0.00%,0.00%,12.04%,9.68%,7.10%,19.35%
16,BitAgent-8B,5.48%,0.00%,0.00%,0.00%,10.97%,1.94%,18.71%,12.26%
17,xLAM-2-8b-fc-r LoRA ckpt2364-2batch-1024seq-3epoch-apigen,5.48%,0.00%,0.00%,0.00%,10.97%,0.65%,14.84%,17.42%
18,xLAM-2-8b-fc-r LoRA ckpt8613-1batch-2560seq-3epoch-FC,5.48%,0.00%,0.00%,0.00%,10.97%,1.94%,9.68%,21.29%
19,watt-tool-8B (FC),5.38%,0.00%,0.00%,0.00%,10.75%,0.65%,14.19%,17.42%
20,xLAM-2-8b-fc-r LoRA ckpt1136-1batch-2560seq-3epoch-apigen-nomlp,4.62%,0.00%,0.00%,0.00%,9.25%,2.58%,11.61%,13.55%
21,Gemma-3-4b-it (Prompt),4.48%,1.00%,1.00%,1.00%,7.96%,7.74%,8.39%,7.74%
22,xLAM-2-8b-fc-r LoRA ckpt1704-1batch-2560seq-3epoch-apigen-nomlp,4.41%,0.00%,0.00%,0.00%,8.82%,5.16%,5.81%,15.48%
23,Ministral-8B-Instruct-2410 (FC),4.19%,0.00%,0.00%,0.00%,8.39%,10.97%,6.45%,7.74%
24,xLAM-2-8b-fc-r LoRA ckpt2272-1batch-2560seq-3epoch-apigen-nomlp,3.76%,0.00%,0.00%,0.00%,7.53%,0.65%,10.32%,11.61%
25,xLAM-2-8b-fc-r LoRA ckpt3408-1batch-2560seq-3epoch-apigen-nomlp,3.23%,0.00%,0.00%,0.00%,6.45%,1.94%,4.52%,12.90%
26,xLAM-2-8b-fc-r LoRA ckpt3976-1batch-2560seq-3epoch-apigen-nomlp,2.69%,0.00%,0.00%,0.00%,5.38%,1.29%,1.29%,13.55%
27,xLAM-2-8b-fc-r LoRA ckpt4920-1batch-2560seq-3epoch-ALL,2.69%,0.00%,0.00%,0.00%,5.38%,1.29%,3.87%,10.97%
28,xLAM-2-8b-fc-r LoRA ckpt2840-1batch-2560seq-3epoch-apigen-nomlp,2.47%,0.00%,0.00%,0.00%,4.95%,0.65%,5.16%,9.03%
29,xLAM-2-8b-fc-r LoRA ckpt5115-1batch-2560seq-3epoch-apigen-nomlp,2.37%,0.00%,0.00%,0.00%,4.73%,1.29%,5.16%,7.74%
30,xLAM-2-8b-fc-r LoRA ckpt5112-1batch-2560seq-3epoch-apigen-nomlp,1.94%,0.00%,0.00%,0.00%,3.87%,1.29%,3.87%,6.45%
31,Gemma-3-1b-it (Prompt),1.83%,0.00%,0.00%,0.00%,3.66%,4.52%,3.87%,2.58%
32,xLAM-2-8b-fc-r LoRA ckpt4544-1batch-2560seq-3epoch-apigen-nomlp,1.40%,0.00%,0.00%,0.00%,2.80%,0.00%,0.65%,7.74%
33,xLAM-2-8b-fc-r LoRA ckpt8853-1batch-2560seq-3epoch-ALL,1.29%,0.00%,0.00%,0.00%,2.58%,1.29%,0.65%,5.81%
34,CoALM-8B,0.75%,0.00%,0.00%,0.00%,1.51%,2.58%,1.94%,0.00%